run,dataset,scenario,method,ablation,rows,test_auc,test_ap,test_mrr,test_hits@1,test_hits@10,test_hits@50,test_hits@100,test_ndcg,val_auc,val_ap,val_ndcg
ssptgfm_synthetic_10shot_best_stronggate_v4_formal,synthetic,standard,lm_mlp,baseline,5,0.6897929166666668,0.1091018402183482,0.04028941842294661,0.005,0.08600000000000001,0.43099999999999994,0.7070000000000001,0.6450460119667478,0.7457530555555556,0.1122700348396884,0.6396117767785263
ssptgfm_synthetic_10shot_best_stronggate_v4_formal,synthetic,standard,ssptgfm,full,5,0.7455238888888889,0.15479796398188564,0.09612978973526634,0.034999999999999996,0.195,0.622,0.748,0.6836756049434679,0.7685020833333334,0.15463925926007321,0.6785338334139805
ssptgfm_synthetic_10shot_best_stronggate_v4_formal,synthetic,standard,structure_mlp,baseline,5,0.54812125,0.06047902832225864,0.05521627557244618,0.016999999999999998,0.11300000000000002,0.364,0.551,0.5855125568321713,0.5068155555555555,0.03955097213914747,0.5530085399944058
ssptgfm_synthetic_1shot_best_stronggate_v4_formal,synthetic,standard,lm_mlp,baseline,5,0.5806400694444445,0.06469248536123179,0.033884549094497785,0.006,0.072,0.32599999999999996,0.512,0.5855682777844349,0.6030578472222221,0.06697827577305385,0.58669777829947
ssptgfm_synthetic_1shot_best_stronggate_v4_formal,synthetic,standard,ssptgfm,full,5,0.6788109027777779,0.11378851345567254,0.06367440370863704,0.014000000000000002,0.154,0.484,0.64,0.6530400229904422,0.6799786111111111,0.10358564891398334,0.6457234830054066
ssptgfm_synthetic_1shot_best_stronggate_v4_formal,synthetic,standard,structure_mlp,baseline,5,0.5205936805555555,0.053712005993536004,0.051250206781182805,0.018000000000000002,0.094,0.20400000000000001,0.43099999999999994,0.5778274877623385,0.5001213194444445,0.03865031884290967,0.5531579063648188
ssptgfm_synthetic_3shot_best_stronggate_v4_formal,synthetic,standard,lm_mlp,baseline,5,0.60931,0.06838312756279606,0.03285652740182371,0.006999999999999999,0.05900000000000001,0.33399999999999996,0.599,0.5976153364983543,0.6286861805555555,0.0644939524835769,0.5895156422867447
ssptgfm_synthetic_3shot_best_stronggate_v4_formal,synthetic,standard,ssptgfm,full,5,0.7422845833333334,0.16020002118595927,0.08346372110503023,0.024,0.178,0.633,0.747,0.7012786674950866,0.7590933333333334,0.15375764820939805,0.6800322269360849
ssptgfm_synthetic_3shot_best_stronggate_v4_formal,synthetic,standard,structure_mlp,baseline,5,0.5195005555555556,0.05373457002191907,0.05221030250957178,0.018,0.10299999999999998,0.20900000000000002,0.425,0.5776839796509425,0.5004868055555556,0.038698213745278744,0.5536256360144398
ssptgfm_synthetic_5shot_best_stronggate_v4_formal,synthetic,standard,lm_mlp,baseline,5,0.6425361805555555,0.07221011106475476,0.03452346900093532,0.001,0.071,0.376,0.607,0.6099194056257573,0.6907706944444444,0.07316554724042039,0.5943574549501218
ssptgfm_synthetic_5shot_best_stronggate_v4_formal,synthetic,standard,ssptgfm,full,5,0.7173693055555557,0.14667128940400737,0.09193153698865346,0.038000000000000006,0.184,0.599,0.724,0.6834634876490807,0.744228125,0.1438693627536657,0.6711280427781933
ssptgfm_synthetic_5shot_best_stronggate_v4_formal,synthetic,standard,structure_mlp,baseline,5,0.5096616666666666,0.054970491696558245,0.0564664268549747,0.024,0.095,0.25999999999999995,0.4039999999999999,0.5812112787917336,0.4998870833333333,0.038389429836362586,0.5503349623541711
ssptgfm_synthetic_full_best_stronggate_v4_formal,synthetic,standard,lm_mlp,baseline,5,0.8610669444444443,0.21352509937682324,0.09369830127306131,0.022,0.20800000000000002,0.728,0.8160000000000001,0.726331408057616,0.8489108333333334,0.21006222492217558,0.7211429437620537
ssptgfm_synthetic_full_best_stronggate_v4_formal,synthetic,standard,ssptgfm,full,5,0.8558961805555555,0.20855269331926563,0.09908043731028568,0.028000000000000004,0.22800000000000004,0.743,0.826,0.7367580311567201,0.8752581944444445,0.23226459660769638,0.748564348209159
ssptgfm_synthetic_full_best_stronggate_v4_formal,synthetic,standard,structure_mlp,baseline,5,0.8570291666666666,0.201124824845123,0.10342755737623308,0.016999999999999998,0.25999999999999995,0.764,0.8150000000000001,0.706946975299625,0.8364815277777777,0.1782106391116155,0.6910346261192442
ssptgfm_synthetic_hallucination_stress_best_stronggate_v4_formal,synthetic_hallucination_stress,hallucination_stress,lm_mlp,baseline,5,0.8524027777777776,0.20842739480297978,0.09675975683763248,0.024,0.24500000000000002,0.733,0.808,0.7169710778426293,0.8473913194444445,0.20109397066030313,0.7073488934593232
ssptgfm_synthetic_hallucination_stress_best_stronggate_v4_formal,synthetic_hallucination_stress,hallucination_stress,ssptgfm,full,5,0.8474445833333334,0.20331011013197836,0.10730966134328541,0.039,0.233,0.732,0.799,0.7292609861302912,0.871985625,0.23111614550640613,0.7485472177484586
ssptgfm_synthetic_hallucination_stress_best_stronggate_v4_formal,synthetic_hallucination_stress,hallucination_stress,structure_mlp,baseline,5,0.8570291666666666,0.201124824845123,0.10342755737623308,0.016999999999999998,0.25999999999999995,0.764,0.8150000000000001,0.706946975299625,0.8364815277777777,0.1782106391116155,0.6910346261192442
ssptgfm_synthetic_new_node_best_stronggate_v4_formal,synthetic,new_node_inductive,lm_mlp,baseline,5,0.7643892176199869,0.13218001177404526,0.06177796338169256,0.014102564102564103,0.1205128205128205,0.6692307692307693,0.7333333333333333,0.570355956143386,0.7844847337278107,0.13518152223512186,0.564543666317738
ssptgfm_synthetic_new_node_best_stronggate_v4_formal,synthetic,new_node_inductive,ssptgfm,full,5,0.7909796186719265,0.13406825181991244,0.059472934768256824,0.008974358974358974,0.11923076923076921,0.6461538461538461,0.7679487179487179,0.592956163728448,0.8119801183431953,0.11467117901117503,0.5545110211987212
ssptgfm_synthetic_new_node_best_stronggate_v4_formal,synthetic,new_node_inductive,structure_mlp,baseline,5,0.5825581854043393,0.0866520094973174,0.05880987086695762,0.011538461538461537,0.13589743589743591,0.3128205128205128,0.5641025641025641,0.5583678563265504,0.5274849704142012,0.03779513137527489,0.4471085671440612
ssptgfm_synthetic_new_relation_best_stronggate_v4_formal,synthetic,new_relation_inductive,lm_mlp,baseline,5,0.8497629049483801,0.1710908609189331,0.09827164522815282,0.022641509433962266,0.19245283018867926,0.7150943396226415,0.8169811320754718,0.5930197773719241,0.8394220408163265,0.1744262033619839,0.610781289800088
ssptgfm_synthetic_new_relation_best_stronggate_v4_formal,synthetic,new_relation_inductive,ssptgfm,full,5,0.4951427554289783,0.04531935946949076,0.034168482714004064,0.007547169811320755,0.06792452830188679,0.2509433962264151,0.3943396226415094,0.4565392542601737,0.4758906122448979,0.04451551180477858,0.4791840104243855
ssptgfm_synthetic_new_relation_best_stronggate_v4_formal,synthetic,new_relation_inductive,structure_mlp,baseline,5,0.7891092915628338,0.16118692339724863,0.07859571695160635,0.01509433962264151,0.15849056603773584,0.7056603773584905,0.8056603773584905,0.604867692111364,0.7379420408163264,0.1427998328779347,0.6161365623076558
ssptgfm_synthetic_ood_time_best_stronggate_v4_formal,synthetic,ood_time,lm_mlp,baseline,5,0.8610669444444443,0.21352509937682324,0.09369830127306131,0.022,0.20800000000000002,0.728,0.8160000000000001,0.726331408057616,0.8489108333333334,0.21006222492217558,0.7211429437620537
ssptgfm_synthetic_ood_time_best_stronggate_v4_formal,synthetic,ood_time,ssptgfm,full,5,0.855896388888889,0.2085528550187315,0.09908043731028568,0.028000000000000004,0.22800000000000004,0.743,0.826,0.7367580940508885,0.8752583333333334,0.2322648965657023,0.7485644798107455
ssptgfm_synthetic_ood_time_best_stronggate_v4_formal,synthetic,ood_time,structure_mlp,baseline,5,0.8570291666666666,0.201124824845123,0.10342755737623308,0.016999999999999998,0.25999999999999995,0.764,0.8150000000000001,0.706946975299625,0.8364815277777777,0.1782106391116155,0.6910346261192442
